{"cameraMode":{"drawMode":0,"name":"Shaded","section":"Shading Mode"},"sceneLighting":false,"audioPlay":false,"sceneViewState":{"showFog":true,"showMaterialUpdate":false,"showSkybox":true,"showFlares":true,"showImageEffects":true,"showParticleSystems":true},"in2DMode":false,"pivot":{"x":-115.35929107666016,"y":7.238593101501465,"z":55.61142349243164},"rotation":{"x":0.13653399050235749,"y":-0.8405293822288513,"z":0.24906598031520844,"w":0.46134039759635928},"size":3.4788050651550295,"orthographic":true}