{"cameraMode":{"drawMode":0,"name":"Shaded","section":"Shading Mode"},"sceneLighting":false,"audioPlay":false,"sceneViewState":{"showFog":true,"showMaterialUpdate":false,"showSkybox":true,"showFlares":true,"showImageEffects":true,"showParticleSystems":true},"in2DMode":false,"pivot":{"x":-117.66490936279297,"y":4.257801532745361,"z":64.05338287353516},"rotation":{"x":-0.04866668954491615,"y":0.9510468244552612,"z":-0.20722074806690217,"w":-0.22405602037906648},"size":32.898109436035159,"orthographic":true}