{"cameraMode":{"drawMode":0,"name":"Shaded","section":"Shading Mode"},"sceneLighting":false,"audioPlay":false,"sceneViewState":{"showFog":true,"showMaterialUpdate":false,"showSkybox":true,"showFlares":true,"showImageEffects":true,"showParticleSystems":true},"in2DMode":false,"pivot":{"x":-113.09600067138672,"y":12.083000183105469,"z":49.58599853515625},"rotation":{"x":-0.0329626239836216,"y":-0.9570761322975159,"z":0.26176849007606509,"w":-0.11998352408409119},"size":22.0,"orthographic":true}