{"cameraMode":{"drawMode":0,"name":"Shaded","section":"Shading Mode"},"sceneLighting":false,"audioPlay":false,"sceneViewState":{"showFog":true,"showMaterialUpdate":false,"showSkybox":true,"showFlares":true,"showImageEffects":true,"showParticleSystems":true},"in2DMode":false,"pivot":{"x":-119.96894073486328,"y":1.7755253314971924,"z":69.78013610839844},"rotation":{"x":-0.060228388756513599,"y":0.9343956708908081,"z":-0.1918889433145523,"w":-0.2940339148044586},"size":3.543811798095703,"orthographic":true}