{"cameraMode":{"drawMode":0,"name":"Shaded","section":"Shading Mode"},"sceneLighting":false,"audioPlay":false,"sceneViewState":{"showFog":true,"showMaterialUpdate":false,"showSkybox":true,"showFlares":true,"showImageEffects":true,"showParticleSystems":true},"in2DMode":false,"pivot":{"x":-112.77403259277344,"y":11.76156234741211,"z":50.2591438293457},"rotation":{"x":0.20890794694423676,"y":-0.5210166573524475,"z":0.13343782722949983,"w":0.8167579174041748},"size":1.5274567604064942,"orthographic":true}