{"cameraMode":{"drawMode":0,"name":"Shaded","section":"Shading Mode"},"sceneLighting":false,"audioPlay":false,"sceneViewState":{"showFog":true,"showMaterialUpdate":false,"showSkybox":true,"showFlares":true,"showImageEffects":true,"showParticleSystems":true},"in2DMode":false,"pivot":{"x":-119.87098693847656,"y":2.158982038497925,"z":67.95990753173828},"rotation":{"x":0.13653399050235749,"y":-0.8405293822288513,"z":0.24906598031520844,"w":0.46134039759635928},"size":3.636516571044922,"orthographic":true}