{"cameraMode":{"drawMode":0,"name":"Shaded","section":"Shading Mode"},"sceneLighting":false,"audioPlay":false,"sceneViewState":{"showFog":true,"showMaterialUpdate":false,"showSkybox":true,"showFlares":true,"showImageEffects":true,"showParticleSystems":true},"in2DMode":false,"pivot":{"x":1.8243904113769532,"y":0.20156240463256837,"z":0.07828140258789063},"rotation":{"x":0.20890794694423676,"y":-0.5210166573524475,"z":0.13343782722949983,"w":0.8167579174041748},"size":1.984106421470642,"orthographic":true}