{"cameraMode":{"drawMode":0,"name":"Shaded","section":"Shading Mode"},"sceneLighting":true,"audioPlay":false,"sceneViewState":{"showFog":true,"showMaterialUpdate":false,"showSkybox":true,"showFlares":true,"showImageEffects":true,"showParticleSystems":true},"in2DMode":false,"pivot":{"x":-112.8489990234375,"y":12.237000465393067,"z":49.96699905395508},"rotation":{"x":0.0772085189819336,"y":-0.8951095342636108,"z":0.17127566039562226,"w":0.40432941913604739},"size":1.7151799201965333,"orthographic":true}