{"cameraMode":{"drawMode":0,"name":"Shaded","section":"Shading Mode"},"sceneLighting":false,"audioPlay":false,"sceneViewState":{"showFog":true,"showMaterialUpdate":false,"showSkybox":true,"showFlares":true,"showImageEffects":true,"showParticleSystems":true},"in2DMode":false,"pivot":{"x":-119.49827575683594,"y":1.389829397201538,"z":72.65744018554688},"rotation":{"x":0.0028466118965297939,"y":-0.9782403707504273,"z":0.20697230100631715,"w":0.014148131012916565},"size":660.0291748046875,"orthographic":true}