{"cameraMode":{"drawMode":0,"name":"Shaded","section":"Shading Mode"},"sceneLighting":false,"audioPlay":false,"sceneViewState":{"showFog":true,"showMaterialUpdate":false,"showSkybox":true,"showFlares":true,"showImageEffects":true,"showParticleSystems":true},"in2DMode":false,"pivot":{"x":0.8385353088378906,"y":0.19456243515014649,"z":0.07278108596801758},"rotation":{"x":0.20890794694423676,"y":-0.5210166573524475,"z":0.13343782722949983,"w":0.8167579174041748},"size":2.173037528991699,"orthographic":true}