{"cameraMode":{"drawMode":0,"name":"Shaded","section":"Shading Mode"},"sceneLighting":false,"audioPlay":false,"sceneViewState":{"showFog":true,"showMaterialUpdate":false,"showSkybox":true,"showFlares":true,"showImageEffects":true,"showParticleSystems":true},"in2DMode":false,"pivot":{"x":-113.04911804199219,"y":11.337133407592774,"z":49.80727005004883},"rotation":{"x":-0.06444743275642395,"y":-0.8945748209953308,"z":0.42057517170906069,"w":-0.13674409687519074},"size":22.0,"orthographic":true}