{"cameraMode":{"drawMode":0,"name":"Shaded","section":"Shading Mode"},"sceneLighting":true,"audioPlay":false,"sceneViewState":{"showFog":true,"showMaterialUpdate":false,"showSkybox":true,"showFlares":true,"showImageEffects":true,"showParticleSystems":true},"in2DMode":false,"pivot":{"x":-112.8489990234375,"y":12.237000465393067,"z":49.96699905395508},"rotation":{"x":-0.023247871547937394,"y":-0.9635971188545227,"z":0.2511688470840454,"w":-0.08862527459859848},"size":3.611830711364746,"orthographic":true}