{"cameraMode":{"drawMode":0,"name":"Shaded","section":"Shading Mode"},"sceneLighting":false,"audioPlay":false,"sceneViewState":{"showFog":true,"showMaterialUpdate":false,"showSkybox":true,"showFlares":true,"showImageEffects":true,"showParticleSystems":true},"in2DMode":false,"pivot":{"x":-119.87895202636719,"y":2.4770257472991945,"z":66.25057220458985},"rotation":{"x":0.13653399050235749,"y":-0.8405293822288513,"z":0.24906598031520844,"w":0.46134039759635928},"size":3.719311237335205,"orthographic":true}