{"cameraMode":{"drawMode":0,"name":"Shaded","section":"Shading Mode"},"sceneLighting":true,"audioPlay":false,"sceneViewState":{"showFog":true,"showMaterialUpdate":false,"showSkybox":true,"showFlares":true,"showImageEffects":true,"showParticleSystems":true},"in2DMode":false,"pivot":{"x":-123.1357421875,"y":7.71240234375,"z":68.8505859375},"rotation":{"x":0.01964740641415119,"y":0.9596869349479675,"z":-0.27179914712905886,"w":0.06885051727294922},"size":21.669410705566408,"orthographic":true}