{"cameraMode":{"drawMode":0,"name":"Shaded","section":"Shading Mode"},"sceneLighting":true,"audioPlay":false,"sceneViewState":{"showFog":true,"showMaterialUpdate":false,"showSkybox":true,"showFlares":true,"showImageEffects":true,"showParticleSystems":true},"in2DMode":false,"pivot":{"x":-123.1357421875,"y":7.71240234375,"z":68.8505859375},"rotation":{"x":0.10273526608943939,"y":0.8973977565765381,"z":-0.30132806301116946,"w":0.3054901361465454},"size":7.971709251403809,"orthographic":true}