{"cameraMode":{"drawMode":0,"name":"Shaded","section":"Shading Mode"},"sceneLighting":true,"audioPlay":false,"sceneViewState":{"showFog":true,"showMaterialUpdate":false,"showSkybox":true,"showFlares":true,"showImageEffects":true,"showParticleSystems":true},"in2DMode":false,"pivot":{"x":971.2999267578125,"y":418.29998779296877,"z":0.0},"rotation":{"x":0.2763613164424896,"y":-0.37905967235565188,"z":0.11988949775695801,"w":0.8749655485153198},"size":391.9400329589844,"orthographic":true}