{"cameraMode":{"drawMode":0,"name":"Shaded","section":"Shading Mode"},"sceneLighting":true,"audioPlay":false,"sceneViewState":{"showFog":true,"showMaterialUpdate":false,"showSkybox":true,"showFlares":true,"showImageEffects":true,"showParticleSystems":true},"in2DMode":false,"pivot":{"x":-121.630859375,"y":2.3314208984375,"z":73.87451171875},"rotation":{"x":-0.028028303757309915,"y":-0.9497082829475403,"z":0.08853432536125183,"w":-0.2990492284297943},"size":1.256187081336975,"orthographic":true}