{"cameraMode":{"drawMode":0,"name":"Shaded","section":"Shading Mode"},"sceneLighting":false,"audioPlay":false,"sceneViewState":{"showFog":true,"showMaterialUpdate":false,"showSkybox":true,"showFlares":true,"showImageEffects":true,"showParticleSystems":true},"in2DMode":false,"pivot":{"x":-117.1898193359375,"y":4.506543159484863,"z":60.58502197265625},"rotation":{"x":-0.325888067483902,"y":-0.642522931098938,"z":0.3492338955402374,"w":-0.5991635918617249},"size":3.607844591140747,"orthographic":true}