{"cameraMode":{"drawMode":0,"name":"Shaded","section":"Shading Mode"},"sceneLighting":true,"audioPlay":false,"sceneViewState":{"showFog":true,"showMaterialUpdate":false,"showSkybox":true,"showFlares":true,"showImageEffects":true,"showParticleSystems":true},"in2DMode":false,"pivot":{"x":-77.23735809326172,"y":33.77018356323242,"z":47.15061569213867},"rotation":{"x":0.04797988012433052,"y":-0.003853411413729191,"z":0.0003283168189227581,"w":0.9988408088684082},"size":48.56001281738281,"orthographic":true}