{"cameraMode":{"drawMode":0,"name":"Shaded","section":"Shading Mode"},"sceneLighting":false,"audioPlay":false,"sceneViewState":{"showFog":true,"showMaterialUpdate":false,"showSkybox":true,"showFlares":true,"showImageEffects":true,"showParticleSystems":true},"in2DMode":false,"pivot":{"x":-119.73411560058594,"y":1.629727840423584,"z":71.14327239990235},"rotation":{"x":-0.0602283850312233,"y":0.9343956112861633,"z":-0.1918889284133911,"w":-0.29403388500213625},"size":43.34931945800781,"orthographic":true}