{"cameraMode":{"drawMode":0,"name":"Shaded","section":"Shading Mode"},"sceneLighting":true,"audioPlay":false,"sceneViewState":{"showFog":true,"showMaterialUpdate":false,"showSkybox":true,"showFlares":true,"showImageEffects":true,"showParticleSystems":true},"in2DMode":false,"pivot":{"x":-113.04000091552735,"y":11.883999824523926,"z":49.7400016784668},"rotation":{"x":0.041708096861839297,"y":0.951728105545044,"z":-0.2649122476577759,"w":0.14931683242321015},"size":0.05715898796916008,"orthographic":true}